State,"18 to 24 years - Population - April 1, 2020","25 to 34 years - Population - April 1, 2020","35 to 44 years - Population - April 1, 2020","45 to 64 years - Population - April 1, 2020","65 to 84 years - Population - April 1, 2020","85 to 99 years - Population - April 1, 2020","100 years and over - Population - April 1, 2020","All ages - Population - April 1, 2020","Adults - Population - April 1, 2020",Electoral College Votes,State-Local Effective Tax Rate Percentage,State-Local Tax Burden per Capita,Taxes Paid to Own State per Capita,Taxes Paid to Other States Per Capita
Alabama,491490,625360,608965,1306628,793978,89772,973,5024279,8941445,9,9.8,4585.0,3578.0,1007.0
Alaska,68003,112039,98386,180390,88666,6425,94,733391,1287394,3,4.6,2943.0,1527.0,1416.0
Arizona,675623,936487,864601,1726093,1204548,133244,1380,7151502,12693478,11,9.5,5156.0,3997.0,1159.0
Arkansas,281979,379202,371244,750981,473933,54340,594,3011524,5323797,6,10.2,5031.0,3598.0,1433.0
California,3809055,5826832,5326009,9848045,5292586,713955,10623,39538223,70365328,54,13.5,10167.0,8711.0,1457.0
Colorado,533761,895832,799022,1412266,781925,85808,962,5773714,10283290,10,9.7,6699.0,5010.0,1689.0
Connecticut,334929,454315,436812,996106,559338,86415,1312,3605944,6475171,7,15.4,12151.0,9883.0,2268.0
Delaware,91203,122665,116070,259028,175145,19235,197,989948,1773491,3,12.4,7170.0,5580.0,1591.0
District of Columbia,83106,162577,105015,137687,76291,10255,230,689545,1264706,3,12.0,11654.0,9060.0,2594.0
Florida,1820715,2639606,2589465,5721420,4031838,529608,6580,21538187,38877419,30,9.1,5406.0,3533.0,1873.0
Georgia,1056938,1454158,1390218,2739671,1431960,145592,1737,10711908,18932182,16,8.9,4862.0,3711.0,1151.0
Hawaii,125554,191122,183939,372839,244612,37193,646,1455271,2611176,4,14.1,8410.0,7082.0,1328.0
Idaho,180703,232010,229940,424064,278706,30665,312,1839106,3215506,4,10.7,5402.0,4140.0,1262.0
Illinois,1186380,1744219,1668405,3306480,1840355,250202,3428,12812508,22811977,19,12.9,8390.0,6866.0,1523.0
Indiana,654729,866825,839364,1712781,993670,123752,1458,6785528,11978107,11,9.3,5030.0,3965.0,1064.0
Iowa,309504,397833,388763,779550,498200,75223,1030,3190369,5640472,6,11.2,6086.0,4812.0,1274.0
Kansas,289573,375641,366965,706747,429593,59978,819,2937880,5167196,6,11.2,6353.0,4971.0,1382.0
Kentucky,412349,569025,560341,1175026,690199,76209,751,4505836,7989736,8,9.6,4669.0,3679.0,990.0
Louisiana,433744,612716,599519,1161426,684995,77326,822,4657757,8228305,8,9.1,4762.0,3705.0,1056.0
Maine,108233,159897,158786,386140,263740,32902,387,1362359,2472444,4,12.4,6906.0,5712.0,1194.0
Maryland,558037,840975,805867,1624008,874063,110710,1542,6177224,10992426,10,11.3,7680.0,5940.0,1740.0
Massachusetts,709974,999707,861118,1861136,1074497,155054,2237,7029917,12693640,11,11.5,9405.0,7565.0,1840.0
Michigan,950965,1304661,1183758,2669438,1598263,205124,2393,10077331,17991933,15,8.6,4720.0,3595.0,1125.0
Minnesota,505776,756149,742823,1434992,832635,115115,1543,5706494,10095527,10,12.1,7763.0,6316.0,1448.0
Mississippi,289827,359073,363012,756126,457707,51190,664,2961279,5238878,6,9.8,4220.0,3422.0,798.0
Missouri,580345,802104,756821,1558585,954297,121961,1499,6154913,10930525,10,9.3,4953.0,3666.0,1287.0
Montana,94073,136979,133111,270677,193400,21620,263,1084225,1934348,4,10.5,5795.0,4200.0,1595.0
Nebraska,186219,257682,248243,462636,280745,40110,492,1961504,3437631,5,11.5,6720.0,5327.0,1393.0
Nevada,269437,436134,413594,785701,465757,42254,449,3104614,5517940,6,9.6,5554.0,3932.0,1622.0
New Hampshire,122843,170156,158972,402755,237360,28237,357,1377529,2498209,4,9.6,6593.0,4784.0,1809.0
New Jersey,822734,1220130,1199275,2507872,1335142,193511,2646,9288994,16570304,14,13.2,9648.0,7696.0,1952.0
New Mexico,193255,273972,256448,524107,351846,38951,410,2117522,3756511,5,10.2,4835.0,3859.0,977.0
New York,1935824,2955956,2564653,5223236,2966614,434931,6921,20201249,36289384,28,15.9,12083.0,10380.0,1702.0
North Carolina,996631,1362100,1300738,2706182,1607247,180149,2052,10439388,18594487,16,9.9,5299.0,4156.0,1143.0
North Dakota,83077,113866,97915,177815,106357,16792,271,779094,1375187,3,8.8,5403.0,3800.0,1603.0
Ohio,1102347,1500324,1413842,3072312,1869243,246623,2871,11799448,21007010,17,10.0,5530.0,4380.0,1149.0
Oklahoma,383650,520309,502207,951454,582516,69828,734,3959353,6970051,7,9.0,4527.0,3380.0,1148.0
Oregon,370659,586702,572750,1045433,711807,82332,969,4237256,7607908,8,10.8,6572.0,5191.0,1381.0
Pennsylvania,1208578,1673168,1542339,3446409,2163154,315969,3931,13002700,23356248,19,10.6,6723.0,5354.0,1369.0
Rhode Island,116262,146024,131285,293562,173678,26347,436,1097379,1984973,4,11.4,6948.0,5273.0,1675.0
South Carolina,471140,633704,612977,1324688,881571,89335,1045,5118425,9132885,9,8.9,4596.0,3365.0,1231.0
South Dakota,82066,112285,108761,209552,136194,20054,343,886667,1555922,3,8.4,5196.0,3526.0,1670.0
Tennessee,644030,921271,860591,1779010,1062653,115662,1256,6910840,12295313,11,7.6,4036.0,3082.0,954.0
Texas,2915232,4122639,3941163,6966531,3523590,393110,4435,29145505,51012205,40,8.6,4994.0,3849.0,1146.0
Utah,381309,472899,448621,639425,342334,39122,341,3271616,5595667,6,12.1,6750.0,5346.0,1404.0
Vermont,60573,77282,75607,178715,118114,14024,167,643077,1167559,3,13.6,7958.0,6532.0,1426.0
Virginia,839485,1163680,1114397,2232201,1245187,148273,1831,8631393,15376447,13,12.5,7979.0,6367.0,1612.0
Washington,685639,1135030,1057328,1894264,1121470,129282,1676,7705281,13729970,12,10.7,7803.0,6069.0,1734.0
West Virginia,156515,207306,215772,486324,329067,37584,364,1793716,3226648,4,9.8,4479.0,3444.0,1034.0
Wisconsin,539914,741123,724339,1546907,933204,125273,1540,5893718,10506018,10,10.9,6231.0,4911.0,1320.0
Wyoming,50776,72915,73981,141793,92076,9670,126,576851,1018188,3,7.5,4691.0,2647.0,2045.0
